{
 "figure": "fig1b_tangent_vs_curve_residual",
 "source_artifacts": [
  "results/e92_curve_uncertainty_results.json",
  "results/e95_gate_regeneration_results.json"
 ],
 "axr_min": 3.0,
 "seed": 1,
 "n_boot_median_ci": 5000,
 "catalogs": {
  "GWTC-3": {
   "tangent": {
    "median_deg": 4.83054482748372,
    "ci16_deg": 3.313961508681473,
    "ci84_deg": 8.1469342503228,
    "n": 29
   },
   "curve": {
    "median_deg": 0.8781682573778369,
    "ci16_deg": 0.7107378226266405,
    "ci84_deg": 1.0377203279294065,
    "n": 29
   },
   "n_elongated": 29,
   "e95_crosscheck": {
    "own_q": 0.8781682573778369,
    "tangent": 4.83054482748372,
    "n_elong": 29
   }
  },
  "O4a": {
   "tangent": {
    "median_deg": 6.666999229684109,
    "ci16_deg": 5.421014528995329,
    "ci84_deg": 7.057739978285838,
    "n": 19
   },
   "curve": {
    "median_deg": 1.256349912899907,
    "ci16_deg": 1.171160678089933,
    "ci84_deg": 1.381856155226643,
    "n": 19
   },
   "n_elongated": 19,
   "e95_crosscheck": {
    "own_q": 1.256349912899907,
    "tangent": 6.666999229684109,
    "n_elong": 19
   }
  },
  "O4b": {
   "tangent": {
    "median_deg": 4.201935101651642,
    "ci16_deg": 3.070190226080115,
    "ci84_deg": 5.00078110976321,
    "n": 32
   },
   "curve": {
    "median_deg": 1.1877748131126395,
    "ci16_deg": 0.8696860592528992,
    "ci84_deg": 1.3357837948834117,
    "n": 32
   },
   "n_elongated": 32,
   "e95_crosscheck": {
    "own_q": 1.1877748131126395,
    "tangent": 4.201935101651642,
    "n_elong": 32
   }
  }
 },
 "outputs": [
  "figures/fig1b_tangent_vs_curve_residual.png",
  "figures/fig1b_tangent_vs_curve_residual.pdf"
 ],
 "note": "medians are over elongated events per catalog; the interval is a bootstrap CI on the MEDIAN across events, not the per-event Monte Carlo resolution reported by E92. Every median is asserted equal to the independently written E95 value."
}