{
 "figure": "fig1c_nontriviality_q_baselines",
 "source_artifacts": [
  "results/e95_gate_regeneration_results.json"
 ],
 "axr_min": 3.0,
 "catalogs": {
  "GWTC-3": {
   "n_elongated": 29,
   "own_q_deg": 0.8781682573778369,
   "tangent_deg": 4.83054482748372,
   "pooled_q_deg": 9.93503198456861,
   "perm_null": {
    "n": 300,
    "mean": 8.999459549207586,
    "sd": 1.6654070117462731,
    "min": 4.554869349580258,
    "p05": 6.327713993348494,
    "p95": 12.124800637173594,
    "own_percentile": 0.0,
    "own_below_all": true
   }
  },
  "O4a": {
   "n_elongated": 19,
   "own_q_deg": 1.256349912899907,
   "tangent_deg": 6.666999229684109,
   "pooled_q_deg": 4.025664481332058,
   "perm_null": {
    "n": 300,
    "mean": 6.318631802711963,
    "sd": 1.248667839239835,
    "min": 3.190695573819596,
    "p05": 4.337739546719867,
    "p95": 8.433805362526657,
    "own_percentile": 0.0,
    "own_below_all": true
   }
  },
  "O4b": {
   "n_elongated": 32,
   "own_q_deg": 1.1877748131126395,
   "tangent_deg": 4.201935101651642,
   "pooled_q_deg": 3.7661786577854457,
   "perm_null": {
    "n": 300,
    "mean": 4.7738573450242425,
    "sd": 0.9182350721663857,
    "min": 2.2311650700447387,
    "p05": 3.4191413122963206,
    "p95": 6.49917025406324,
    "own_percentile": 0.0,
    "own_below_all": true
   }
  }
 },
 "interval_meaning": "grey band = permutation null p05-p95 (own-q replaced by another event's q marginal, 300 catalog-stratified draws). NOT a confidence interval, NOT coverage, NOT uncertainty on own-q.",
 "outputs": [
  "figures/fig1c_nontriviality_q_baselines.png",
  "figures/fig1c_nontriviality_q_baselines.pdf"
 ],
 "note": "own-q lies below the MINIMUM of 300 catalog-stratified permutations in every catalog, so the permutation p-value is < 1/300 in each. The single-shuffle figure from earlier prose is deliberately not plotted: re-drawing it moved the O4a value from 3.04 to 8.62 deg, i.e. one permutation is not a null."
}