{
  "event": "GW250114_082203",
  "imr_remnant": {
    "Mf_det": 68.4,
    "af": 0.679
  },
  "kerr_prediction_from_imr": {
    "f220_Hz": 248.60481955967362,
    "tau220_ms": 4.098740035630563
  },
  "fits": {
    "dt_3ms": {
      "f220_Hz_5_50_95": [
        167.41115681632462,
        253.94988511333486,
        332.5919465507471
      ],
      "tau220_ms_5_50_95": [
        0.8865069260017606,
        2.2817726037508805,
        11.76040455909574
      ],
      "Mf_det_5_50_95": [
        44.46384163737663,
        78.83700907513253,
        121.45972363406648
      ],
      "af_5_50_95": [
        0.19028555772815653,
        0.8698055914103051,
        0.983964536540368
      ],
      "frac_kerr_valid": 0.44275,
      "imr_within_90": true
    },
    "dt_5ms": {
      "f220_Hz_5_50_95": [
        168.65441723445934,
        256.05576641976586,
        333.33994283860847
      ],
      "tau220_ms_5_50_95": [
        0.8994043982263328,
        2.4500927350733384,
        11.93430104903177
      ],
      "Mf_det_5_50_95": [
        46.1652248194653,
        78.56832750876069,
        122.00673440791354
      ],
      "af_5_50_95": [
        0.18066718680126345,
        0.86816899015549,
        0.9832845823461264
      ],
      "frac_kerr_valid": 0.4655,
      "imr_within_90": true
    }
  }
}