{
 "t_Mf_ms": 0.33690358077480004,
 "imr_remnant": {
  "Mf_det": 68.4,
  "af": 0.679
 },
 "detectors": {
  "H1_dt3.0ms": {
   "f_med": 237.8954619512633,
   "f_lo": 226.8896311537366,
   "f_hi": 248.33633218710276,
   "width": 21.446701033366168,
   "f_peak": 238.0,
   "tau_peak_ms": 4.6,
   "lnL_range": 77.72779903580172
  },
  "L1_dt3.0ms": {
   "f_med": 247.13011836900384,
   "f_lo": 237.1261079648223,
   "f_hi": 256.15165216360515,
   "width": 19.025544198782853,
   "f_peak": 248.5,
   "tau_peak_ms": 5.399999999999999,
   "lnL_range": 75.09060194478951
  },
  "H1_dt5.0ms": {
   "f_med": 250.43827779403867,
   "f_lo": 232.16756581574418,
   "f_hi": 264.790454688852,
   "width": 32.6228888731078,
   "f_peak": 251.5,
   "tau_peak_ms": 4.199999999999999,
   "lnL_range": 42.22045787419694
  },
  "L1_dt5.0ms": {
   "f_med": 252.80981405275875,
   "f_lo": 236.66957290680259,
   "f_hi": 268.1211168099239,
   "width": 31.45154390312129,
   "f_peak": 253.0,
   "tau_peak_ms": 3.7999999999999994,
   "lnL_range": 47.79151400245479
  }
 },
 "start_time_scan": {
  "0M": {
   "f_med": 230.3075066609617,
   "f_lo": 226.1789257399798,
   "f_hi": 234.39307567209565,
   "width": 8.214149932115845,
   "f_peak": 232.0,
   "tau_peak_ms": 5.399999999999999,
   "lnL_range": 507.87927099609163,
   "kerr_Mf_det": 82.57030448944784,
   "kerr_af": 0.8049512171856363
  },
  "2M": {
   "f_med": 229.88338368039862,
   "f_lo": 225.25614933595807,
   "f_hi": 234.38723186824163,
   "width": 9.131082532283557,
   "f_peak": 230.5,
   "tau_peak_ms": 4.999999999999999,
   "lnL_range": 337.919072735035,
   "kerr_Mf_det": 79.37927948316526,
   "kerr_af": 0.7631651037505472
  },
  "4M": {
   "f_med": 232.80711787506388,
   "f_lo": 227.93466353563005,
   "f_hi": 237.48819703659984,
   "width": 9.553533500969792,
   "f_peak": 233.5,
   "tau_peak_ms": 4.6,
   "lnL_range": 296.7920414893424,
   "kerr_Mf_det": 75.29179030312372,
   "kerr_af": 0.7171901484843751
  },
  "6M": {
   "f_med": 237.85821500989397,
   "f_lo": 232.1188747885034,
   "f_hi": 243.3202340357216,
   "width": 11.201359247218193,
   "f_peak": 238.0,
   "tau_peak_ms": 4.6,
   "lnL_range": 272.4241695715488,
   "kerr_Mf_det": 74.62381357841832,
   "kerr_af": 0.7321009743020037
  },
  "8M": {
   "f_med": 242.4006373196175,
   "f_lo": 235.05367098689828,
   "f_hi": 249.25870219139776,
   "width": 14.205031204499477,
   "f_peak": 244.0,
   "tau_peak_ms": 4.999999999999999,
   "lnL_range": 187.59349362269535,
   "kerr_Mf_det": 77.42847495159795,
   "kerr_af": 0.7922407558061477
  },
  "10M": {
   "f_med": 244.02376104195346,
   "f_lo": 236.88446521053527,
   "f_hi": 250.725831156881,
   "width": 13.841365946345718,
   "f_peak": 245.5,
   "tau_peak_ms": 4.199999999999999,
   "lnL_range": 140.8041643124019,
   "kerr_Mf_det": 69.9380933270384,
   "kerr_af": 0.6837409303684664
  },
  "12M": {
   "f_med": 251.40989723351527,
   "f_lo": 243.02947969237186,
   "f_hi": 259.38189835158215,
   "width": 16.352418659210286,
   "f_peak": 253.0,
   "tau_peak_ms": 3.7999999999999994,
   "lnL_range": 133.8704321727822,
   "kerr_Mf_det": 64.83902425697082,
   "kerr_af": 0.620706117326993
  },
  "14M": {
   "f_med": 252.35388791661515,
   "f_lo": 241.88153176042155,
   "f_hi": 261.9299700148568,
   "width": 20.04843825443524,
   "f_peak": 253.0,
   "tau_peak_ms": 4.199999999999999,
   "lnL_range": 104.24762326925352,
   "kerr_Mf_det": 69.03280676290956,
   "kerr_af": 0.709675144163588
  },
  "16M": {
   "f_med": 252.68121007976046,
   "f_lo": 241.0770511231309,
   "f_hi": 263.04227497217613,
   "width": 21.96522384904523,
   "f_peak": 253.0,
   "tau_peak_ms": 3.7999999999999994,
   "lnL_range": 57.18935671247522,
   "kerr_Mf_det": 64.73473645686278,
   "kerr_af": 0.6256696874243495
  },
  "18M": {
   "f_med": 254.29939772183977,
   "f_lo": 240.3393235011475,
   "f_hi": 266.55129425466384,
   "width": 26.21197075351634,
   "f_peak": 254.5,
   "tau_peak_ms": 3.7999999999999994,
   "lnL_range": 45.268749665420046,
   "kerr_Mf_det": 64.60088556904749,
   "kerr_af": 0.6318479592899877
  },
  "20M": {
   "f_med": 258.02140770187196,
   "f_lo": 238.49199506264148,
   "f_hi": 274.9993089071011,
   "width": 36.507313844459645,
   "f_peak": 259.0,
   "tau_peak_ms": 4.199999999999999,
   "lnL_range": 34.776242174548486,
   "kerr_Mf_det": 68.40966614715416,
   "kerr_af": 0.7255392874938771
  }
 },
 "lvk_comparison": {
  "0M": {
   "ours": {
    "f_med": 230.3075066609617,
    "f_lo": 226.1789257399798,
    "f_hi": 234.39307567209565,
    "width": 8.214149932115845
   },
   "lvk": {
    "n": 71509,
    "f_med": 223.87144276617144,
    "f_lo": 220.18068087697645,
    "f_hi": 227.3620194358703,
    "width": 7.181338558893856,
    "Mf": 83.0959171852288,
    "af": 0.7832867050182789
   },
   "delta_median_hz": 6.436063894790266,
   "lvk_median_in_our_90ci": false
  },
  "2M": {
   "ours": {
    "f_med": 229.88338368039862,
    "f_lo": 225.25614933595807,
    "f_hi": 234.38723186824163,
    "width": 9.131082532283557
   },
   "lvk": {
    "n": 64008,
    "f_med": 228.1630048293905,
    "f_lo": 224.55645476209102,
    "f_hi": 231.6447815001603,
    "width": 7.08832673806927,
    "Mf": 76.50578191134176,
    "af": 0.7118689866494647
   },
   "delta_median_hz": 1.720378851008121,
   "lvk_median_in_our_90ci": true
  },
  "4M": {
   "ours": {
    "f_med": 232.80711787506388,
    "f_lo": 227.93466353563005,
    "f_hi": 237.48819703659984,
    "width": 9.553533500969792
   },
   "lvk": {
    "n": 62762,
    "f_med": 234.51988570087195,
    "f_lo": 229.89984557377525,
    "f_hi": 238.93146672180154,
    "width": 9.03162114802629,
    "Mf": 76.10694905764451,
    "af": 0.7382118026284901
   },
   "delta_median_hz": -1.712767825808072,
   "lvk_median_in_our_90ci": true
  },
  "6M": {
   "ours": {
    "f_med": 237.85821500989397,
    "f_lo": 232.1188747885034,
    "f_hi": 243.3202340357216,
    "width": 11.201359247218193
   },
   "lvk": {
    "n": 55180,
    "f_med": 237.35879542038322,
    "f_lo": 231.6652971460924,
    "f_hi": 242.7521971478372,
    "width": 11.086900001744795,
    "Mf": 77.68158683118546,
    "af": 0.7742512259481267
   },
   "delta_median_hz": 0.49941958951075094,
   "lvk_median_in_our_90ci": true
  },
  "8M": {
   "ours": {
    "f_med": 242.4006373196175,
    "f_lo": 235.05367098689828,
    "f_hi": 249.25870219139776,
    "width": 14.205031204499477
   },
   "lvk": {
    "n": 38736,
    "f_med": 237.98611136629518,
    "f_lo": 232.03048611442512,
    "f_hi": 243.73110833044814,
    "width": 11.70062221602302,
    "Mf": 77.82653200835617,
    "af": 0.778937650756923
   },
   "delta_median_hz": 4.414525953322311,
   "lvk_median_in_our_90ci": true
  },
  "10M": {
   "ours": {
    "f_med": 244.02376104195346,
    "f_lo": 236.88446521053527,
    "f_hi": 250.725831156881,
    "width": 13.841365946345718
   },
   "lvk": {
    "n": 52744,
    "f_med": 245.7878006327396,
    "f_lo": 239.5392591192031,
    "f_hi": 251.65913284569777,
    "width": 12.11987372649466,
    "Mf": 73.50528713232194,
    "af": 0.7519521363178578
   },
   "delta_median_hz": -1.7640395907861262,
   "lvk_median_in_our_90ci": true
  },
  "12M": {
   "ours": {
    "f_med": 251.40989723351527,
    "f_lo": 243.02947969237186,
    "f_hi": 259.38189835158215,
    "width": 16.352418659210286
   },
   "lvk": {
    "n": 49066,
    "f_med": 249.3942511580996,
    "f_lo": 240.82384521995638,
    "f_hi": 257.0852683460939,
    "width": 16.261423126137544,
    "Mf": 72.87839010326549,
    "af": 0.7586929687856883
   },
   "delta_median_hz": 2.015646075415674,
   "lvk_median_in_our_90ci": true
  },
  "14M": {
   "ours": {
    "f_med": 252.35388791661515,
    "f_lo": 241.88153176042155,
    "f_hi": 261.9299700148568,
    "width": 20.04843825443524
   },
   "lvk": {
    "n": 64145,
    "f_med": 246.56133005126551,
    "f_lo": 237.62166061550826,
    "f_hi": 255.03079926390137,
    "width": 17.40913864839311,
    "Mf": 64.13344638669581,
    "af": 0.5747370011465198
   },