{
 "sigma_A_default": 1e-20,
 "rho_max_default": 2.0,
 "t_Mf_ms": 0.33690358077480004,
 "A_peak": 1.95e-21,
 "mode_structure": {
  "f220": 248.60481955967362,
  "tau220_ms": 4.098740035630563,
  "f221": 243.09023975569212,
  "tau221_ms": 1.3494683169115727,
  "df_hz": 5.514579803981491,
  "ratio_decay_ms": 2.0118490943185687
 },
 "feasibility": {
  "0M": {
   "ratio0_1.0": {
    "snr220": 24.06033081546779,
    "snr221": 14.03844935416701,
    "snr_perp": 6.921933125655583
   },
   "ratio0_0.5": {
    "snr220": 24.06033081546779,
    "snr221": 7.019224677083505,
    "snr_perp": 3.4609665628277915
   }
  },
  "1M": {
   "ratio0_1.0": {
    "snr220": 22.161744799148234,
    "snr221": 10.936911178180099,
    "snr_perp": 5.3926588233996435
   },
   "ratio0_0.5": {
    "snr220": 22.161744799148234,
    "snr221": 5.468455589090049,
    "snr_perp": 2.6963294116998218
   }
  },
  "2M": {
   "ratio0_1.0": {
    "snr220": 20.412975046329375,
    "snr221": 8.520601036602061,
    "snr_perp": 4.201249659261299
   },
   "ratio0_0.5": {
    "snr220": 20.412975046329375,
    "snr221": 4.2603005183010305,
    "snr_perp": 2.1006248296306493
   }
  },
  "3M": {
   "ratio0_1.0": {
    "snr220": 18.802199647118073,
    "snr221": 6.638130349799989,
    "snr_perp": 3.273060521250615
   },
   "ratio0_0.5": {
    "snr220": 18.802199647118073,
    "snr221": 3.3190651748999946,
    "snr_perp": 1.6365302606253076
   }
  },
  "4M": {
   "ratio0_1.0": {
    "snr220": 17.318529551313834,
    "snr221": 5.1715570711087295,
    "snr_perp": 2.549937767243522
   },
   "ratio0_0.5": {
    "snr220": 17.318529551313834,
    "snr221": 2.5857785355543648,
    "snr_perp": 1.274968883621761
   }
  },
  "6M": {
   "ratio0_1.0": {
    "snr220": 14.693177507884311,
    "snr221": 3.138863376520718,
    "snr_perp": 1.5476782253302568
   },
   "ratio0_0.5": {
    "snr220": 14.693177507884311,
    "snr221": 1.569431688260359,
    "snr_perp": 0.7738391126651284
   }
  },
  "8M": {
   "ratio0_1.0": {
    "snr220": 12.46580806058212,
    "snr221": 1.905125122084514,
    "snr_perp": 0.9393593521895012
   },
   "ratio0_0.5": {
    "snr220": 12.46580806058212,
    "snr221": 0.952562561042257,
    "snr_perp": 0.4696796760947506
   }
  },
  "10M": {
   "ratio0_1.0": {
    "snr220": 10.576090196956295,
    "snr221": 1.156310834662917,
    "snr_perp": 0.5701417633872734
   },
   "ratio0_0.5": {
    "snr220": 10.576090196956295,
    "snr221": 0.5781554173314585,
    "snr_perp": 0.2850708816936367
   }
  },
  "12M": {
   "ratio0_1.0": {
    "snr220": 8.972838608661506,
    "snr221": 0.7018199124348844,
    "snr_perp": 0.3460460893913294
   },
   "ratio0_0.5": {
    "snr220": 8.972838608661506,
    "snr221": 0.3509099562174422,
    "snr_perp": 0.1730230446956647
   }
  }
 },
 "evidence": {
  "0M": {
   "lnB_220": 531.9005344955145,
   "lnB_221": 538.0518548958161,
   "dlnB": 6.151320400301529,
   "rho_posterior": {
    "rho_abs_mean": 0.8763632246223803
   }
  },
  "1M": {
   "lnB_220": 461.4547838550948,
   "lnB_221": 467.54683125025997,
   "dlnB": 6.092047395165196,
   "rho_posterior": {
    "rho_abs_mean": 0.852877279143632
   }
  },
  "2M": {
   "lnB_220": 341.735445702778,
   "lnB_221": 348.0617297560107,
   "dlnB": 6.326284053232712,
   "rho_posterior": {
    "rho_abs_mean": 1.086202958102045
   }
  },
  "3M": {
   "lnB_220": 300.70645807832767,
   "lnB_221": 306.58893632615735,
   "dlnB": 5.882478247829681,
   "rho_posterior": {
    "rho_abs_mean": 1.116217212606776
   }
  },
  "4M": {
   "lnB_220": 281.8418118691636,
   "lnB_221": 285.2720905419,
   "dlnB": 3.4302786727363923,
   "rho_posterior": {
    "rho_abs_mean": 1.0017635188051508
   }
  },
  "6M": {
   "lnB_220": 261.5892006475748,
   "lnB_221": 266.18025255895714,
   "dlnB": 4.591051911382351,
   "rho_posterior": {
    "rho_abs_mean": 0.9682445121650448
   }
  },
  "8M": {
   "lnB_220": 181.70866910659865,
   "lnB_221": 186.64715484009415,
   "dlnB": 4.938485733495497,
   "rho_posterior": {
    "rho_abs_mean": 1.0889675531679415
   }
  },
  "10M": {
   "lnB_220": 127.388566931635,
   "lnB_221": 126.92593345243043,
   "dlnB": -0.46263347920456965,
   "rho_posterior": {
    "rho_abs_mean": 0.710058623942603
   }
  },
  "12M": {
   "lnB_220": 120.44676736547173,
   "lnB_221": 118.30705427307723,
   "dlnB": -2.1397130923945014,
   "rho_posterior": {
    "rho_abs_mean": 0.5824417085299182
   }
  }
 },
 "prior_sensitivity": {
  "0M": {
   "sigA=3e-21,rhomax=1.0": 6.965944640653333,
   "sigA=3e-21,rhomax=2.0": 5.8649895896408,
   "sigA=3e-21,rhomax=3.0": 4.9632244870498425,
   "sigA=1e-20,rhomax=1.0": 7.239088758443131,
   "sigA=1e-20,rhomax=2.0": 6.151320400301529,
   "sigA=1e-20,rhomax=3.0": 5.245692808510512,
   "sigA=3e-20,rhomax=1.0": 7.263656862799735,
   "sigA=3e-20,rhomax=2.0": 6.177107037982296,
   "sigA=3e-20,rhomax=3.0": 5.271278137400941,
   "sigA=1e-19,rhomax=1.0": 7.266457248331108,
   "sigA=1e-19,rhomax=2.0": 6.180046660459084,
   "sigA=1e-19,rhomax=3.0": 5.274196383145636
  },
  "1M": {
   "sigA=3e-21,rhomax=1.0": 6.944356257944946,
   "sigA=3e-21,rhomax=2.0": 5.834790522649087,
   "sigA=3e-21,rhomax=3.0": 5.0186809549817895,
   "sigA=1e-20,rhomax=1.0": 7.194925074326534,
   "sigA=1e-20,rhomax=2.0": 6.092047395165196,
   "sigA=1e-20,rhomax=3.0": 5.268356425096954,
   "sigA=3e-20,rhomax=1.0": 7.217385541029785,
   "sigA=3e-20,rhomax=2.0": 6.1151226429989265,
   "sigA=3e-20,rhomax=3.0": 5.290721132480883,
   "sigA=1e-19,rhomax=1.0": 7.219944902587031,
   "sigA=1e-19,rhomax=2.0": 6.117752220007048,
   "sigA=1e-19,rhomax=3.0": 5.293269469553309
  },
  "2M": {
   "sigA=3e-21,rhomax=1.0": 6.489775557456824,
   "sigA=3e-21,rhomax=2.0": 6.206589434731313,
   "sigA=3e-21,rhomax=3.0": 5.4000398411719175,
   "sigA=1e-20,rhomax=1.0": 6.616987717062784,
   "sigA=1e-20,rhomax=2.0": 6.326284053232712,
   "sigA=1e-20,rhomax=3.0": 5.519908183334223,
   "sigA=3e-20,rhomax=1.0": 6.628382533109686,
   "sigA=3e-20,rhomax=2.0": 6.33701305741323,
   "sigA=3e-20,rhomax=3.0": 5.530649220304326,
   "sigA=1e-19,rhomax=1.0": 6.629680882053378,
   "sigA=1e-19,rhomax=2.0": 6.33823561686404,
   "sigA=1e-19,rhomax=3.0": 5.531873113903373
  },
  "3M": {
   "sigA=3e-21,rhomax=1.0": 6.039864242914234,
   "sigA=3e-21,rhomax=2.0": 5.808351597017463,
   "sigA=3e-21,rhomax=3.0": 5.001276059337613,
   "sigA=1e-20,rhomax=1.0": 6.133302801483524,
   "sigA=1e-20,rhomax=2.0": 5.882478247829681,
   "sigA=1e-20,rhomax=3.0": 5.075578771037726,
   "sigA=3e-20,rhomax=1.0": 6.141693328208419,
   "sigA=3e-20,rhomax=2.0": 5.889151267967463,
   "sigA=3e-20,rhomax=3.0": 5.082265660934581,
   "sigA=1e-19,rhomax=1.0": 6.142649578516,
   "sigA=1e-19,rhomax=2.0": 5.889911944576738,
   "sigA=1e-19,rhomax=3.0": 5.083027896514977
  },
  "4M": {
   "sigA=3e-21,rhomax=1.0": 4.086690175523756,
   "sigA=3e-21,rhomax=2.0": 3.4021757309333225,
   "sigA=3e-21,rhomax=3.0": 2.5913765895201664,
   "sigA=1e-20,rhomax=1.0": 4.14200303170486,
   "sigA=1e-20,rhomax=2.0": 3.4302786727363923,
   "sigA=1e-20,rhomax=3.0": 2.6191363289881338,
   "sigA=3e-20,rhomax=1.0": 4.1470533513139,
   "sigA=3e-20,rhomax=2.0": 3.432929922174253,
   "sigA=3e-20,rhomax=3.0": 2.6217565347088794,
   "sigA=1e-19,rhomax=1.0": 4.147629784999481,
   "sigA=1e-19,rhomax=2.0": 3.433233390705084,
   "sigA=1e-19,rhomax=3.0": 2.62205646385479
  },
  "6M": {
   "sigA=3e-21,rhomax=1.0": 5.154192236036977,
   "sigA=3e-21,rhomax=2.0": 4.379356982151933,
   "sigA=3e-21,rhomax=3.0": 3.671114168290501,
   "sigA=1e-20,rhomax=1.0": 5.325943496505829,
   "sigA=1e-20,rhomax=2.0": 4.591051911382351,
   "sigA=1e-20,rhomax=3.0": 3.8951570504659685,
   "sigA=3e-20,rhomax=1.0": 5.341363347392075,
   "sigA=3e-20,rhomax=2.0": 4.610218191351464,
   "sigA=3e-20,rhomax=3.0": 3.915423700007068,
   "sigA=1e-19,rhomax=1.0": 5.343120667061612,
   "sigA=1e-19,rhomax=2.0": 4.612404161168854,
   "sigA=1e-19,rhomax=3.0": 3.917734952249191
  },
  "8M": {
   "sigA=3e-21,rhomax=1.0": 4.977398065992162,
   "sigA=3e-21,rhomax=2.0": 4.7040746918620755,