{
 "n_events": 265,
 "m_pivot": 30.0,
 "by_catalog": {
  "GWTC-3": 75,
  "O4a": 86,
  "O4b": 104
 },
 "spearman_all": {
  "rho": 0.5544964469492772,
  "p": 9.162480935114612e-23
 },
 "per_catalog": {
  "GWTC-3": {
   "n": 75,
   "rho": 0.6825604551920341,
   "p": 1.5374422087456705e-11
  },
  "O4a": {
   "n": 86,
   "rho": 0.4902589744799283,
   "p": 1.6558645762321323e-06
  },
  "O4b": {
   "n": 104,
   "rho": 0.4748212952096448,
   "p": 3.5324798594286373e-07
  }
 },
 "confound": {
  "spearman_lnm1_concentration": -0.5172023110950619
 },
 "informativeness_cut_is_circular": {
  "spearman_a1_vs_ks_among_10_heaviest": 0.9272727272727272
 },
 "remnant_leak_test": {
  "0-15": {
   "n": 54,
   "median_a1": 0.27119637941239405,
   "median_final_spin": 0.6913940642075682,
   "gap": -0.42019768479517416,
   "median_per_event_corr": 0.4675901797535216
  },
  "15-35": {
   "n": 72,
   "median_a1": 0.400065004619903,
   "median_final_spin": 0.6898830088062717,
   "gap": -0.2898180041863687,
   "median_per_event_corr": 0.45695687870262347
  },
  "35-60": {
   "n": 105,
   "median_a1": 0.4455448928147078,
   "median_final_spin": 0.6912258563439915,
   "gap": -0.24568096352928365,
   "median_per_event_corr": 0.3955963415249792
  },
  ">60": {
   "n": 28,
   "median_a1": 0.509664307051156,
   "median_final_spin": 0.7070955084678534,
   "gap": -0.19743120141669745,
   "median_per_event_corr": 0.5170006451754605
  }
 },
 "fit": {
  "b0": -0.8298391905177123,
  "b1": 1.193460713437177,
  "concentration": 4.476234639046998,
  "dlnL": 10.935484841333775
 },
 "informativeness": {
  "w_median": 0.16066666666666668,
  "spearman_lnm1_w": -0.425767260046602
 },
 "null_forward": {
  "b1_mean": -0.046360089642564536,
  "b1_sd": 0.13809906109477874,
  "b1_max": 0.43215232101447276,
  "dlnL_mean": -1.2768564087037886,
  "dlnL_sd": 9.641280973894586,
  "dlnL_max": 4.753104437505343,
  "p_b1": 0.0,
  "p_dlnL": 0.0,
  "n_trials": 150
 },
 "null_permute": {
  "b1_mean": -0.001969572136650587,
  "b1_sd": 0.17263701167346177,
  "b1_max": 0.6412715099997193,
  "dlnL_mean": 0.31177582250988545,
  "dlnL_sd": 0.49302299266758653,
  "dlnL_max": 3.389861812746503,
  "p_b1": 0.0,
  "p_dlnL": 0.0,
  "n_trials": 150
 },
 "bias_corrected": {
  "b1": 1.2398208030797415,
  "bias_subtracted": -0.046360089642564536,
  "population_mean_a1": {
   "8": 0.07809043337210979,
   "15": 0.1558787762363418,
   "30": 0.3036790735691932,
   "60": 0.507384238960162,
   "100": 0.6599050995816181
  }
 },
 "naive_population_mean_a1": {
  "8": 0.08261750951537702,
  "15": 0.16015394219297743,
  "30": 0.3036790735691932,
  "60": 0.4993511848917501,
  "100": 0.6472687271904523
 },
 "a_remnant_reference": 0.69
}